method,operation,batch_bytes,n,preparation_mean_ms,hpu_mean_ms,ratio_pct,ratio_sd_pct
CPU,bit-or,64,3,89.76563433333332,158.69569933333332,56.56462948298591,2.651765765818015
CPU,bit-or,128,3,180.07224833333333,334.9134853333333,53.766795372276725,1.482387800535594
CPU,bit-or,256,3,350.281876,674.7890863333333,51.909831248658826,0.6076704321472731
CPU,bit-or,512,3,636.583248,1431.8395196666668,44.45911984243856,0.17549048522620345
CPU,bit-or,1024,3,1211.1317803333334,2750.144779333333,44.03883713449172,0.6209576406443454
CPU,bit-and,64,3,90.667891,157.06558033333334,57.72613631043768,1.7206377039303797
CPU,bit-and,128,3,180.00379033333334,320.539088,56.15658029617073,0.37375620724630687
CPU,bit-and,256,3,349.719874,674.658682,51.836563188258204,1.5778212244939755
CPU,bit-and,512,3,634.1365593333334,1427.7206723333334,44.41601019175269,0.24081566915899316
CPU,bit-and,1024,3,1214.44409,2803.429055,43.31995089492286,0.2027365828263913
CPU,eq,64,3,92.07314133333333,207.08608733333335,44.46128782428973,1.3038900398128248
CPU,eq,128,3,180.103599,399.1273083333333,45.12434885803041,1.1079519603485946
CPU,eq,256,3,337.8199773333333,805.5281573333333,41.93769941595487,0.5629282710565472
CPU,eq,512,3,630.5984133333333,1595.919576,39.51316988753657,0.17828699803579817
CPU,eq,1024,3,1222.3064126666666,3102.573334,39.39653574894893,0.26196689835879167
CPU,shr,64,3,91.07813466666667,244.93840833333334,37.184096723091166,4.130829574503099
CPU,shr,128,3,179.62306866666665,556.3398559999999,32.286572088889976,1.5579269124376067
CPU,shr,256,3,346.47280266666667,816.156268,42.451772565038574,0.24664829332257343
CPU,shr,512,3,638.3756910000001,2172.4705073333334,29.384780545702053,4.6539050957946815
CPU,shr,1024,3,1206.812017,4665.897200333333,25.864522195512258,0.24246823822376307
CPU,add,64,3,91.29229866666667,248.55017700000002,36.7299270387028,3.0213805952994037
CPU,add,128,3,179.92097033333332,487.3738093333333,36.916421622951546,6.251244310433465
CPU,add,256,3,351.043036,805.3342396666667,43.5897319037744,2.552245217767309
CPU,add,512,3,639.142896,2194.1817396666665,29.12898619314445,1.1048615545101306
CPU,add,1024,3,1209.4587486666667,4264.687592333334,28.35984400922875,2.1239546234576485
CPU,sub,64,3,91.792802,270.402771,33.94669428147243,0.4880606825604
CPU,sub,128,3,180.22965666666667,567.7008586666667,31.74729329984878,0.8878266130394954
CPU,sub,256,3,348.08509033333337,1135.6418006666668,30.65095791023134,1.0417445613035512
CPU,sub,512,3,634.3182006666667,2266.4364393333335,27.987469211942685,2.2482696661225803
CPU,sub,1024,3,1207.5377926666665,4035.503259,29.922855098025494,4.483568627298335
CPU,mul,64,3,91.73744566666667,426.4137043333333,21.51371889186617,0.2210115509980448
CPU,mul,128,3,177.66431033333333,850.472001,20.8900834036197,0.06694841945547325
CPU,mul,256,3,344.0039353333333,1725.075193,19.941387872785516,0.1787880931129196
CPU,mul,512,3,634.2199183333333,3439.5027793333334,18.43929076447096,0.03793272754932372
CPU,mul,1024,3,1210.0149643333332,6884.174269666667,17.576762541659516,0.18198611924840594
CSD,bit-or,64,3,35.63314533333333,158.74801966666666,22.44635580850364,0.24606543412617918
CSD,bit-or,128,3,63.370319,321.05496066666666,19.738152890835984,0.4597271025545487
CSD,bit-or,256,3,131.435826,667.6671653333334,19.685830429354805,0.7565747952317035
CSD,bit-or,512,3,250.089098,1300.940725,19.223711979652265,0.6496241120995199
CSD,bit-or,1024,3,496.984772,2707.2552753333334,18.357514214791152,0.32592205713569106
CSD,bit-and,64,3,35.490630333333335,157.24618566666666,22.57010571217735,1.7888465141790257
CSD,bit-and,128,3,64.84418,329.72275633333334,19.666273787437877,0.710800276455405
CSD,bit-and,256,3,132.82393066666666,682.7891866666666,19.45313916219216,0.10915670594680826
CSD,bit-and,512,3,251.003405,1344.9248816666666,18.663005527041026,0.030430664236451598
CSD,bit-and,1024,3,499.25851066666667,2738.3931636666666,18.231805326236177,0.23627965451061758
CSD,eq,64,3,35.65215633333334,216.47038133333334,16.46976187399704,0.4256997082954435
CSD,eq,128,3,65.884381,402.057311,16.386813321745567,0.14264824334022178
CSD,eq,256,3,131.79227566666668,809.5853416666667,16.278984917803754,0.2771109265816956
CSD,eq,512,3,251.364337,1603.296601,15.6779685582331,0.3444857045667835
CSD,eq,1024,3,490.7228553333333,3199.9769443333334,15.335199717683214,0.27519474407623884
CSD,shr,64,3,33.279131666666665,234.62870233333334,14.183742796901088,0.8312275327677076
CSD,shr,128,3,65.382614,582.8047806666667,11.218613190717008,0.4686942840178973
CSD,shr,256,3,133.18822933333334,1164.854281,11.433896196783893,0.07831518261084579
CSD,shr,512,3,250.579148,2339.568159666667,10.710487188186969,0.10172597070843763
CSD,shr,1024,3,493.94312133333335,4422.492086,11.168886494946536,1.34476475531727
CSD,add,64,3,35.540939,219.21507333333332,16.212817147823262,1.1939430121980843
CSD,add,128,3,63.86819766666667,549.9306816666667,11.613863309663369,0.3678347799244073
CSD,add,256,3,132.585649,1088.3302653333333,12.182482948720692,0.2780247110159266
CSD,add,512,3,252.69593866666665,1944.7758843333334,12.993576313976687,2.7834721785094483
CSD,add,1024,3,496.5694843333333,4109.541546666666,12.083330432225731,2.57930693362992
CSD,sub,64,3,35.748372333333336,216.00178633333334,16.550035506727962,0.3519916294181143
CSD,sub,128,3,66.10681666666666,495.44259800000003,13.34298199903002,2.1567191762154665
CSD,sub,256,3,134.67875033333334,845.4745783333333,15.929367219866363,1.620954740924879
CSD,sub,512,3,252.322196,1598.9500546666666,15.78049265914073,0.35442026575927893
CSD,sub,1024,3,493.2706713333333,3528.4384353333335,13.979857672838602,0.6007387985506046
CSD,mul,64,3,36.235520333333334,420.94685100000004,8.608098682114463,0.038236953271182095
CSD,mul,128,3,64.71261166666667,837.9886319999999,7.722373454186271,0.14281450020213265
CSD,mul,256,3,134.00534833333333,1693.0131506666667,7.915198312580463,0.04245792393090971
CSD,mul,512,3,252.59907933333332,3396.8614316666667,7.436249149833464,0.09320974256728984
CSD,mul,1024,2,490.759774,6734.382602,7.2873758888343,0.014744846630928003
