batch_u8,cpu_mean_ms,cpu_sd_ms,fpga_mean_ms,fpga_sd_ms,speedup
1,0.5972796,0.006600572789959652,0.5698772,0.2470007494585121,1.048084745274947
16,8.3858122,0.7756080110523759,2.4427896000000002,0.3058299314249306,3.4328835361015124
32,15.517775499999999,0.01137792776729511,3.6586091999999995,0.34798748617628333,4.241441119209999
64,31.054312699999997,0.02972210154843691,6.900495599999999,0.3904094651878545,4.500301789917814
128,62.2888545,0.15713685383501363,13.091221200000001,0.36638935686652635,4.758062945265946
256,124.63977760000003,0.04296792034168025,26.008424400000003,0.3581227703354137,4.792284825988921
512,252.33001560000002,0.2334190197859275,51.26052,0.3871598481798782,4.922502065917397
1024,507.5771446,0.32340517527474194,101.596186,0.36721238029601894,4.996025585054935
2048,1016.2758238000002,0.8501197118740533,202.4424956,0.44356352098261326,5.02007160496593
4096,2056.0883975999996,18.88860944396541,,,
