method,batch_bytes,mean_ms,minimum_operation_mean_ms,maximum_operation_mean_ms
CPU,64,91.20104966666666,89.76563433333332,92.07314133333333
CPU,128,179.65966338095237,177.66431033333333,180.22965666666667
CPU,256,346.7752273809524,337.8199773333333,351.043036
CPU,512,635.3392752380953,630.5984133333333,639.142896
CPU,1024,1211.672257952381,1206.812017,1222.3064126666666
CSD,64,35.36855647619048,33.279131666666665,36.235520333333334
CSD,128,64.88130285714286,63.370319,66.10681666666666
CSD,256,132.93000133333334,131.435826,134.67875033333334
CSD,512,251.521886,250.089098,252.69593866666665
CSD,1024,494.5013127142857,490.7228553333333,499.25851066666667
