backend,mode,batch_size,iteration,output_layout,physical_output_bytes_per_u8,encrypt_ms,native_pack_ms,encrypt_and_pack_ms,per_u8_encrypt_us,per_u8_encrypt_and_pack_us,plaintext_bytes_per_s,native_ciphertext_bytes_per_s
cpu,serial,1,0,hpu-native-psi64-v80,98304,1.200214000,0.081658000,1.282208000,1200.214000,1282.208000,779.905,76667748.134
cpu,serial,1,1,hpu-native-psi64-v80,98304,1.200776000,0.081581000,1.282575000,1200.776000,1282.575000,779.682,76645810.187
cpu,serial,1,2,hpu-native-psi64-v80,98304,1.200266000,0.081593000,1.282092000,1200.266000,1282.092000,779.975,76674684.812
cpu,serial,1,3,hpu-native-psi64-v80,98304,1.199904000,0.081778000,1.281898000,1199.904000,1281.898000,780.093,76686288.613
cpu,serial,1,4,hpu-native-psi64-v80,98304,1.200451000,0.081652000,1.282317000,1200.451000,1282.317000,779.838,76661231.193
cpu,serial,1,5,hpu-native-psi64-v80,98304,0.775831000,0.038102000,0.814045000,775.831000,814.045000,1228.433,120759908.850
cpu,serial,1,6,hpu-native-psi64-v80,98304,0.560588000,0.038103000,0.598799000,560.588000,598.799000,1670.009,164168610.836
cpu,serial,1,7,hpu-native-psi64-v80,98304,0.560119000,0.038092000,0.598326000,560.119000,598.326000,1671.330,164298392.515
cpu,serial,1,8,hpu-native-psi64-v80,98304,0.560238000,0.038101000,0.598441000,560.238000,598.441000,1671.009,164266819.954
cpu,serial,1,9,hpu-native-psi64-v80,98304,0.560529000,0.038088000,0.598719000,560.529000,598.719000,1670.233,164190546.817
cpu,serial,1,10,hpu-native-psi64-v80,98304,0.560183000,0.038134000,0.598432000,560.183000,598.432000,1671.034,164269290.412
cpu,serial,1,11,hpu-native-psi64-v80,98304,0.566068000,0.038104000,0.604274000,566.068000,604.274000,1654.878,162681167.815
cpu,serial,1,12,hpu-native-psi64-v80,98304,0.560178000,0.038091000,0.598373000,560.178000,598.373000,1671.198,164285487.480
cpu,serial,1,13,hpu-native-psi64-v80,98304,0.560531000,0.038120000,0.598756000,560.531000,598.756000,1670.129,164180400.697
cpu,serial,1,14,hpu-native-psi64-v80,98304,0.560315000,0.038067000,0.598488000,560.315000,598.488000,1670.877,164253919.878
cpu,serial,1,15,hpu-native-psi64-v80,98304,0.560102000,0.038110000,0.598312000,560.102000,598.312000,1671.369,164302236.960
cpu,serial,1,16,hpu-native-psi64-v80,98304,0.560068000,0.038142000,0.598325000,560.068000,598.325000,1671.332,164298667.112
cpu,serial,1,17,hpu-native-psi64-v80,98304,0.560257000,0.038116000,0.598472000,560.257000,598.472000,1670.922,164258311.166
cpu,serial,1,18,hpu-native-psi64-v80,98304,0.562101000,0.038145000,0.600347000,562.101000,600.347000,1665.703,163745300.634
cpu,serial,1,19,hpu-native-psi64-v80,98304,0.560096000,0.038112000,0.598323000,560.096000,598.323000,1671.338,164299216.310
cpu,serial,1,20,hpu-native-psi64-v80,98304,0.560228000,0.038099000,0.598431000,560.228000,598.431000,1671.036,164269564.912
cpu,serial,1,21,hpu-native-psi64-v80,98304,0.560040000,0.038101000,0.598247000,560.040000,598.247000,1671.550,164320088.525
cpu,serial,1,22,hpu-native-psi64-v80,98304,0.560027000,0.038105000,0.598234000,560.027000,598.234000,1671.587,164323659.304
cpu,serial,1,23,hpu-native-psi64-v80,98304,0.560062000,0.038083000,0.598248000,560.062000,598.248000,1671.548,164319813.856
cpu,serial,1,24,hpu-native-psi64-v80,98304,0.570828000,0.038182000,0.609110000,570.828000,609.110000,1641.740,161389568.387
cpu,serial,1,25,hpu-native-psi64-v80,98304,0.560385000,0.038092000,0.598584000,560.385000,598.584000,1670.609,164227577.082
cpu,serial,1,26,hpu-native-psi64-v80,98304,0.560067000,0.038145000,0.598315000,560.067000,598.315000,1671.360,164301413.135
cpu,serial,1,27,hpu-native-psi64-v80,98304,0.560021000,0.056363000,0.616490000,560.021000,616.490000,1622.086,159457574.332
cpu,serial,1,28,hpu-native-psi64-v80,98304,0.560450000,0.038105000,0.598654000,560.450000,598.654000,1670.414,164208374.119
cpu,serial,1,29,hpu-native-psi64-v80,98304,0.560474000,0.038120000,0.598701000,560.474000,598.701000,1670.283,164195483.221
cpu,serial,16,0,hpu-native-psi64-v80,98304,8.890742000,0.622656000,9.513887000,555.671375,594.617938,1681.752,165322964.210
cpu,serial,16,1,hpu-native-psi64-v80,98304,8.882258000,0.643029000,9.525477000,555.141125,595.342312,1679.706,165121809.648
cpu,serial,16,2,hpu-native-psi64-v80,98304,8.888286000,0.631979000,9.520427000,555.517875,595.026687,1680.597,165209396.595
cpu,serial,16,3,hpu-native-psi64-v80,98304,8.887680000,0.633749000,9.521597000,555.480000,595.099812,1680.390,165189095.905
cpu,serial,16,4,hpu-native-psi64-v80,98304,8.872901000,0.637179000,9.510246000,554.556312,594.390375,1682.396,165386258.147
cpu,serial,16,5,hpu-native-psi64-v80,98304,8.878450000,0.631096000,9.509686000,554.903125,594.355375,1682.495,165395997.302
cpu,serial,16,6,hpu-native-psi64-v80,98304,8.658848000,0.533300000,9.192302000,541.178000,574.518875,1740.587,171106649.890
cpu,serial,16,7,hpu-native-psi64-v80,98304,7.413113000,0.530967000,7.944215000,463.319563,496.513437,2014.044,197988599.251
cpu,serial,16,8,hpu-native-psi64-v80,98304,7.403915000,0.528548000,7.932582000,462.744687,495.786375,2016.998,198278946.250
cpu,serial,16,9,hpu-native-psi64-v80,98304,7.412356000,0.526136000,7.938625000,463.272250,496.164062,2015.462,198128013.352
cpu,serial,16,10,hpu-native-psi64-v80,98304,7.391979000,0.525975000,7.918104000,461.998688,494.881500,2020.686,198641492.963
cpu,serial,16,11,hpu-native-psi64-v80,98304,7.400219000,0.524446000,7.924804000,462.513688,495.300250,2018.977,198473552.153
cpu,serial,16,12,hpu-native-psi64-v80,98304,7.406691000,0.523029000,7.929856000,462.918188,495.616000,2017.691,198347107.438
cpu,serial,16,13,hpu-native-psi64-v80,98304,7.403284000,0.521806000,7.925221000,462.705250,495.326312,2018.871,198463109.104
cpu,serial,16,14,hpu-native-psi64-v80,98304,7.405830000,0.520834000,7.926795000,462.864375,495.424688,2018.470,198423700.878
cpu,serial,16,15,hpu-native-psi64-v80,98304,7.388364000,0.520509000,7.909015000,461.772750,494.313438,2023.008,198869770.762
cpu,serial,16,16,hpu-native-psi64-v80,98304,7.387482000,0.520684000,7.908307000,461.717625,494.269187,2023.189,198887574.800
cpu,serial,16,17,hpu-native-psi64-v80,98304,7.382244000,0.520408000,7.902783000,461.390250,493.923938,2024.603,199026596.074
cpu,serial,16,18,hpu-native-psi64-v80,98304,7.387992000,0.520469000,7.908623000,461.749500,494.288938,2023.108,198879627.971
cpu,serial,16,19,hpu-native-psi64-v80,98304,7.387075000,0.520546000,7.907748000,461.692188,494.234250,2023.332,198901634.195
cpu,serial,16,20,hpu-native-psi64-v80,98304,7.383302000,0.520899000,7.904341000,461.456375,494.021313,2024.204,198987366.562
cpu,serial,16,21,hpu-native-psi64-v80,98304,7.388988000,0.520859000,7.909992000,461.811750,494.374500,2022.758,198845207.429
cpu,serial,16,22,hpu-native-psi64-v80,98304,7.386818000,0.520631000,7.907581000,461.676125,494.223813,2023.375,198905834.793
cpu,serial,16,23,hpu-native-psi64-v80,98304,7.380517000,0.520844000,7.901498000,461.282312,493.843625,2024.932,199058963.250
cpu,serial,16,24,hpu-native-psi64-v80,98304,7.388033000,0.520759000,7.908922000,461.752062,494.307625,2023.032,198872109.246
cpu,serial,16,25,hpu-native-psi64-v80,98304,7.388577000,0.520653000,7.909356000,461.786063,494.334750,2022.921,198861196.790
cpu,serial,16,26,hpu-native-psi64-v80,98304,7.389824000,0.524745000,7.914716000,461.864000,494.669750,2021.551,198726524.110
cpu,serial,16,27,hpu-native-psi64-v80,98304,7.383828000,0.521062000,7.905020000,461.489250,494.063750,2024.030,198970274.585
cpu,serial,16,28,hpu-native-psi64-v80,98304,7.388048000,0.520979000,7.909147000,461.753000,494.321687,2022.974,198866451.717
cpu,serial,16,29,hpu-native-psi64-v80,98304,7.387682000,0.520958000,7.908777000,461.730125,494.298563,2023.069,198875755.379
cpu,serial,32,0,hpu-native-psi64-v80,98304,14.778634000,1.049147000,15.827949000,461.832313,494.623406,2021.740,198745143.796
cpu,serial,32,1,hpu-native-psi64-v80,98304,14.776693000,1.047555000,15.824388000,461.771656,494.512125,2022.195,198789867.893
cpu,serial,32,2,hpu-native-psi64-v80,98304,14.775940000,1.051204000,15.827281000,461.748125,494.602531,2021.825,198753531.955
cpu,serial,32,3,hpu-native-psi64-v80,98304,14.777578000,1.047097000,15.824806000,461.799312,494.525188,2022.142,198784617.012
cpu,serial,32,4,hpu-native-psi64-v80,98304,14.774918000,1.050831000,15.825886000,461.716187,494.558938,2022.004,198771051.428
cpu,serial,32,5,hpu-native-psi64-v80,98304,14.777573000,1.046760000,15.824464000,461.799156,494.514500,2022.185,198788913.166
cpu,serial,32,6,hpu-native-psi64-v80,98304,14.772845000,1.049750000,15.822775000,461.651406,494.461719,2022.401,198810132.862
cpu,serial,32,7,hpu-native-psi64-v80,98304,14.772781000,1.042833000,15.815733000,461.649406,494.241656,2023.302,198898653.638
cpu,serial,32,8,hpu-native-psi64-v80,98304,14.777864000,1.043255000,15.821253000,461.808250,494.414156,2022.596,198829258.340
cpu,serial,32,9,hpu-native-psi64-v80,98304,14.785704000,1.042913000,15.828749000,462.053250,494.648406,2021.638,198735099.028
cpu,serial,32,10,hpu-native-psi64-v80,98304,14.781333000,1.043269000,15.824730000,461.916656,494.522812,2022.151,198785571.697
cpu,serial,32,11,hpu-native-psi64-v80,98304,14.782407000,1.043622000,15.826160000,461.950219,494.567500,2021.969,198767610.084
cpu,serial,32,12,hpu-native-psi64-v80,98304,14.782993000,1.043520000,15.826650000,461.968531,494.582813,2021.906,198761456.151
cpu,serial,32,13,hpu-native-psi64-v80,98304,14.781659000,1.043072000,15.824855000,461.926844,494.526719,2022.135,198784001.496
cpu,serial,32,14,hpu-native-psi64-v80,98304,14.784565000,1.043597000,15.828294000,462.017656,494.634187,2021.696,198740811.865
cpu,serial,32,15,hpu-native-psi64-v80,98304,14.784748000,1.043372000,15.828252000,462.023375,494.632875,2021.701,198741339.221
cpu,serial,32,16,hpu-native-psi64-v80,98304,14.780130000,1.043361000,15.823642000,461.879063,494.488812,2022.290,198799239.770
cpu,serial,32,17,hpu-native-psi64-v80,98304,14.781084000,1.043206000,15.824441000,461.908875,494.513781,2022.188,198789202.096
cpu,serial,32,18,hpu-native-psi64-v80,98304,14.784623000,1.043922000,15.828689000,462.019469,494.646531,2021.646,198735852.350
cpu,serial,32,19,hpu-native-psi64-v80,98304,14.777477000,1.043414000,15.821029000,461.796156,494.407156,2022.624,198832073.438
cpu,serial,32,20,hpu-native-psi64-v80,98304,14.783715000,1.043852000,15.827702000,461.991094,494.615687,2021.772,198748245.323
cpu,serial,32,21,hpu-native-psi64-v80,98304,14.786073000,1.043269000,15.829467000,462.064781,494.670844,2021.546,198726084.713
cpu,serial,32,22,hpu-native-psi64-v80,98304,14.785199000,1.043575000,15.828904000,462.037469,494.653250,2021.618,198733152.971
cpu,serial,32,23,hpu-native-psi64-v80,98304,14.779948000,1.043527000,15.823614000,461.873375,494.487937,2022.294,198799591.547
cpu,serial,32,24,hpu-native-psi64-v80,98304,14.783434000,1.043243000,15.826797000,461.982312,494.587406,2021.887,198759610.046
cpu,serial,32,25,hpu-native-psi64-v80,98304,14.780168000,1.043676000,15.823956000,461.880250,494.498625,2022.250,198795294.931
cpu,serial,32,26,hpu-native-psi64-v80,98304,14.793180000,1.043318000,15.836629000,462.286875,494.894656,2020.632,198636212.290
cpu,serial,32,27,hpu-native-psi64-v80,98304,14.781533000,1.043552000,15.825206000,461.922906,494.537688,2022.091,198779592.506
cpu,serial,32,28,hpu-native-psi64-v80,98304,14.782228000,1.044060000,15.826410000,461.944625,494.575312,2021.937,198764470.275
cpu,serial,32,29,hpu-native-psi64-v80,98304,14.780544000,1.043718000,15.824361000,461.892000,494.511281,2022.199,198790207.074
cpu,serial,128,0,hpu-native-psi64-v80,98304,59.177107000,4.291650000,63.469105000,462.321148,495.852383,2016.729,198252551.379
cpu,serial,128,1,hpu-native-psi64-v80,98304,59.155286000,4.272642000,63.428155000,462.150672,495.532461,2018.031,198380545.674
cpu,serial,128,2,hpu-native-psi64-v80,98304,59.158627000,4.244891000,63.403693000,462.176773,495.341352,2018.810,198457083.565
cpu,serial,128,3,hpu-native-psi64-v80,98304,59.158254000,4.239331000,63.397766000,462.173859,495.295047,2018.999,198475637.138
cpu,serial,128,4,hpu-native-psi64-v80,98304,59.159812000,4.232578000,63.392578000,462.186031,495.254516,2019.164,198491880.232
cpu,serial,128,5,hpu-native-psi64-v80,98304,59.160122000,4.260914000,63.421231000,462.188453,495.478367,2018.252,198402203.830
cpu,serial,128,6,hpu-native-psi64-v80,98304,59.166259000,4.242079000,63.408537000,462.236398,495.379195,2018.656,198441922.734
cpu,serial,128,7,hpu-native-psi64-v80,98304,59.154406000,4.230751000,63.385359000,462.143797,495.198117,2019.394,198514486.602
cpu,serial,128,8,hpu-native-psi64-v80,98304,59.155523000,4.232874000,63.388574000,462.152523,495.223234,2019.291,198504418.162
cpu,serial,128,9,hpu-native-psi64-v80,98304,59.162961000,4.241479000,63.404617000,462.210633,495.348570,2018.780,198454191.435
cpu,serial,128,10,hpu-native-psi64-v80,98304,59.158688000,4.232763000,63.391651000,462.177250,495.247273,2019.193,198494782.854
cpu,serial,128,11,hpu-native-psi64-v80,98304,59.277715000,4.243154000,63.521057000,463.107148,496.258258,2015.080,198090406.462
cpu,serial,128,12,hpu-native-psi64-v80,98304,59.315008000,4.236827000,63.552025000,463.398500,496.500195,2014.098,197993879.817
cpu,serial,128,13,hpu-native-psi64-v80,98304,59.164307000,4.234371000,63.398854000,462.221148,495.303547,2018.964,198472231.060
cpu,serial,128,14,hpu-native-psi64-v80,98304,59.170159000,4.233499000,63.403838000,462.266867,495.342484,2018.805,198456629.707
cpu,serial,128,15,hpu-native-psi64-v80,98304,59.158832000,4.241787000,63.400809000,462.178375,495.318820,2018.902,198466111.055
cpu,serial,128,16,hpu-native-psi64-v80,98304,59.163363000,4.235188000,63.398735000,462.213773,495.302617,2018.968,198472603.594
cpu,serial,128,17,hpu-native-psi64-v80,98304,59.158391000,4.229865000,63.388436000,462.174930,495.222156,2019.296,198504850.317
cpu,serial,128,18,hpu-native-psi64-v80,98304,59.158356000,4.230928000,63.389493000,462.174656,495.230414,2019.262,198501540.310
cpu,serial,128,19,hpu-native-psi64-v80,98304,59.160867000,4.237983000,63.399027000,462.194273,495.304898,2018.958,198471689.479
cpu,serial,128,20,hpu-native-psi64-v80,98304,59.147602000,4.234157000,63.381966000,462.090641,495.171609,2019.502,198525113.595
cpu,serial,128,21,hpu-native-psi64-v80,98304,59.155449000,4.237861000,63.393507000,462.151945,495.261773,2019.134,198488971.434
cpu,serial,128,22,hpu-native-psi64-v80,98304,59.150227000,4.229672000,63.380085000,462.111148,495.156914,2019.562,198531005.441
cpu,serial,128,23,hpu-native-psi64-v80,98304,59.146785000,4.227774000,63.374747000,462.084258,495.115211,2019.732,198547727.536
cpu,serial,128,24,hpu-native-psi64-v80,98304,59.150343000,4.276029000,63.426580000,462.112055,495.520156,2018.081,198385471.832
cpu,serial,128,25,hpu-native-psi64-v80,98304,59.168848000,4.234273000,63.403308000,462.256625,495.338344,2018.822,198458288.643
cpu,serial,128,26,hpu-native-psi64-v80,98304,59.145457000,4.230455000,63.376111000,462.073883,495.125867,2019.688,198543454.331
cpu,serial,128,27,hpu-native-psi64-v80,98304,59.171669000,4.237391000,63.409241000,462.278664,495.384695,2018.633,198439719.536
cpu,serial,128,28,hpu-native-psi64-v80,98304,59.293480000,4.235998000,63.529657000,463.230313,496.325445,2014.807,198063590.993
cpu,serial,128,29,hpu-native-psi64-v80,98304,59.145370000,4.231880000,63.377440000,462.073203,495.136250,2019.646,198539290.953
