backend,batch_size,input_lbas,slm_read_chunk_bytes,slm_read_queue_depth,iteration,output_layout,physical_output_bytes_per_u8,slm_create_ms,ssd_to_slm_ms,program_setup_ms,fpga_execute_ms,slm_to_host_ms,host_verify_ms,dump_write_ms,cleanup_ms,transport_ready_ms,data_path_ms,one_shot_transport_ready_ms,one_shot_pipeline_ms,process_ms,per_u8_kernel_us,per_u8_data_path_us,kernel_plaintext_bytes_per_s,data_path_plaintext_bytes_per_s
fpga,1,1,131072,1,0,hpu-native-psi64-v80,98304,12.633000,21.043000,61.459000,8.946000,35.352000,0.461000,0.000000,49.761000,65.341000,65.802000,139.455000,139.941000,192.632000,8946.000000,65802.000000,111.782,15.197
fpga,1,1,131072,1,1,hpu-native-psi64-v80,98304,13.148000,19.492000,63.054000,8.485000,37.492000,0.437000,0.000000,53.215000,65.469000,65.906000,141.704000,142.156000,198.626000,8485.000000,65906.000000,117.855,15.173
fpga,1,1,131072,1,2,hpu-native-psi64-v80,98304,12.804000,21.189000,67.601000,8.512000,35.026000,0.510000,0.000000,53.117000,64.727000,65.237000,145.161000,145.689000,201.721000,8512.000000,65237.000000,117.481,15.329
fpga,1,1,131072,1,3,hpu-native-psi64-v80,98304,15.593000,18.507000,61.136000,9.520000,50.002000,0.454000,0.000000,52.288000,78.029000,78.483000,154.792000,155.268000,210.553000,9520.000000,78483.000000,105.042,12.742
fpga,1,1,131072,1,4,hpu-native-psi64-v80,98304,15.567000,22.998000,59.335000,10.547000,48.252000,0.446000,0.000000,54.887000,81.797000,82.243000,156.724000,157.190000,215.013000,10547.000000,82243.000000,94.814,12.159
fpga,1,1,131072,1,5,hpu-native-psi64-v80,98304,21.119000,19.196000,73.925000,9.302000,55.212000,0.449000,0.000000,51.835000,83.710000,84.159000,178.793000,179.260000,234.378000,9302.000000,84159.000000,107.504,11.882
fpga,1,1,131072,1,6,hpu-native-psi64-v80,98304,16.644000,18.040000,61.785000,9.294000,50.729000,0.425000,0.000000,51.119000,78.063000,78.488000,156.532000,156.974000,211.823000,9294.000000,78488.000000,107.596,12.741
fpga,1,1,131072,1,7,hpu-native-psi64-v80,98304,13.885000,17.718000,70.234000,9.170000,58.281000,0.256000,0.000000,52.480000,85.169000,85.425000,169.320000,169.589000,225.228000,9170.000000,85425.000000,109.051,11.706
fpga,1,1,131072,1,8,hpu-native-psi64-v80,98304,16.548000,23.841000,65.433000,9.448000,58.002000,0.473000,0.000000,54.215000,91.291000,91.764000,173.340000,173.832000,231.380000,9448.000000,91764.000000,105.843,10.898
fpga,1,1,131072,1,9,hpu-native-psi64-v80,98304,15.649000,16.534000,60.494000,8.776000,49.020000,0.399000,0.000000,56.276000,74.330000,74.729000,150.497000,150.913000,210.319000,8776.000000,74729.000000,113.947,13.382
fpga,1,1,131072,1,10,hpu-native-psi64-v80,98304,12.818000,23.101000,56.910000,10.798000,54.131000,0.445000,0.000000,50.515000,88.030000,88.475000,157.784000,158.249000,211.704000,10798.000000,88475.000000,92.610,11.303
fpga,1,1,131072,1,11,hpu-native-psi64-v80,98304,12.765000,18.974000,66.116000,8.740000,50.269000,0.435000,0.000000,48.720000,77.983000,78.418000,156.888000,157.343000,209.322000,8740.000000,78418.000000,114.416,12.752
fpga,1,1,131072,1,12,hpu-native-psi64-v80,98304,12.951000,17.086000,67.875000,8.623000,51.802000,0.443000,0.000000,50.604000,77.511000,77.954000,158.362000,158.827000,212.817000,8623.000000,77954.000000,115.969,12.828
fpga,1,1,131072,1,13,hpu-native-psi64-v80,98304,17.075000,19.386000,63.335000,9.350000,52.550000,0.434000,0.001000,52.394000,81.286000,81.720000,161.727000,162.180000,217.524000,9350.000000,81720.000000,106.952,12.237
fpga,1,1,131072,1,14,hpu-native-psi64-v80,98304,14.079000,21.379000,70.546000,10.422000,52.712000,0.461000,0.000000,44.827000,84.513000,84.974000,169.166000,169.644000,217.485000,10422.000000,84974.000000,95.951,11.768
fpga,1,1,131072,1,15,hpu-native-psi64-v80,98304,14.137000,20.004000,65.940000,13.673000,50.286000,0.533000,0.000000,48.949000,83.963000,84.496000,164.069000,164.624000,216.630000,13673.000000,84496.000000,73.137,11.835
fpga,1,1,131072,1,16,hpu-native-psi64-v80,98304,12.684000,19.259000,61.679000,8.715000,43.722000,0.377000,0.000000,56.198000,71.696000,72.073000,146.093000,146.489000,205.753000,8715.000000,72073.000000,114.745,13.875
fpga,1,1,131072,1,17,hpu-native-psi64-v80,98304,13.134000,12.563000,71.841000,6.324000,27.545000,0.426000,0.000000,47.259000,46.432000,46.858000,131.429000,131.867000,182.171000,6324.000000,46858.000000,158.128,21.341
fpga,1,1,131072,1,18,hpu-native-psi64-v80,98304,16.459000,17.203000,70.668000,10.617000,56.797000,0.444000,0.000000,60.864000,84.617000,85.061000,171.780000,172.242000,235.641000,10617.000000,85061.000000,94.189,11.756
fpga,1,1,131072,1,19,hpu-native-psi64-v80,98304,20.112000,22.760000,62.513000,9.434000,47.911000,0.448000,0.000000,47.390000,80.105000,80.553000,162.760000,163.226000,213.362000,9434.000000,80553.000000,106.000,12.414
fpga,1,1,131072,1,20,hpu-native-psi64-v80,98304,12.763000,18.210000,58.454000,9.208000,51.212000,0.440000,0.001000,45.108000,78.630000,79.070000,149.871000,150.329000,198.642000,9208.000000,79070.000000,108.601,12.647
fpga,1,1,131072,1,21,hpu-native-psi64-v80,98304,14.659000,18.487000,70.946000,9.462000,48.131000,0.428000,0.000000,45.926000,76.080000,76.508000,161.709000,162.154000,211.158000,9462.000000,76508.000000,105.686,13.071
fpga,1,1,131072,1,22,hpu-native-psi64-v80,98304,17.369000,18.968000,71.452000,9.479000,47.781000,0.405000,0.000000,50.788000,76.228000,76.633000,165.074000,165.496000,219.495000,9479.000000,76633.000000,105.496,13.049
fpga,1,1,131072,1,23,hpu-native-psi64-v80,98304,13.673000,18.282000,61.297000,11.607000,45.619000,0.285000,0.000000,52.697000,75.508000,75.793000,150.500000,150.801000,206.537000,11607.000000,75793.000000,86.155,13.194
fpga,1,1,131072,1,24,hpu-native-psi64-v80,98304,12.864000,18.325000,68.791000,9.375000,47.327000,0.451000,0.000000,48.854000,75.027000,75.478000,156.706000,157.175000,209.111000,9375.000000,75478.000000,106.667,13.249
fpga,1,1,131072,1,25,hpu-native-psi64-v80,98304,12.577000,18.030000,68.825000,9.275000,51.911000,0.299000,0.001000,46.540000,79.216000,79.515000,160.639000,160.952000,210.406000,9275.000000,79515.000000,107.817,12.576
fpga,1,1,131072,1,26,hpu-native-psi64-v80,98304,12.964000,21.188000,64.293000,11.342000,50.660000,0.396000,0.000000,48.506000,83.190000,83.586000,160.478000,160.894000,212.414000,11342.000000,83586.000000,88.168,11.964
fpga,1,1,131072,1,27,hpu-native-psi64-v80,98304,17.135000,17.893000,65.780000,9.341000,50.307000,0.448000,0.000000,46.284000,77.541000,77.989000,160.499000,160.968000,210.021000,9341.000000,77989.000000,107.055,12.822
fpga,1,1,131072,1,28,hpu-native-psi64-v80,98304,15.121000,24.283000,68.787000,9.439000,58.033000,0.298000,0.000000,49.207000,91.755000,92.053000,175.698000,176.008000,227.206000,9439.000000,92053.000000,105.943,10.863
fpga,1,1,131072,1,29,hpu-native-psi64-v80,98304,12.867000,21.194000,61.386000,9.810000,60.163000,0.361000,0.000000,49.573000,91.167000,91.528000,165.451000,165.826000,218.236000,9810.000000,91528.000000,101.937,10.926
fpga,16,1,131072,1,0,hpu-native-psi64-v80,98304,13.314000,15.610000,58.002000,9.955000,504.908000,3.154000,0.000000,53.591000,530.473000,533.627000,601.816000,604.980000,661.870000,622.187500,33351.687500,1607.233,29.983
fpga,16,1,131072,1,1,hpu-native-psi64-v80,98304,20.891000,17.340000,66.397000,7.252000,752.695000,7.224000,0.000000,49.857000,777.287000,784.511000,864.611000,871.858000,926.574000,453.250000,49031.937500,2206.288,20.395
fpga,16,1,131072,1,2,hpu-native-psi64-v80,98304,16.258000,14.273000,73.481000,9.204000,549.937000,5.194000,0.001000,48.970000,573.414000,578.608000,663.187000,668.395000,720.948000,575.250000,36163.000000,1738.375,27.653
fpga,16,1,131072,1,3,hpu-native-psi64-v80,98304,17.338000,14.532000,67.262000,9.395000,604.398000,5.852000,0.000000,44.188000,628.325000,634.177000,712.951000,718.822000,766.850000,587.187500,39636.062500,1703.034,25.230
fpga,16,1,131072,1,4,hpu-native-psi64-v80,98304,15.504000,18.032000,65.692000,11.554000,547.083000,6.002000,0.000000,48.853000,576.669000,582.671000,657.900000,663.915000,716.418000,722.125000,36416.937500,1384.802,27.460
fpga,16,1,131072,1,5,hpu-native-psi64-v80,98304,15.756000,12.154000,57.606000,7.697000,818.736000,6.759000,0.000000,48.278000,838.587000,845.346000,911.983000,918.766000,970.828000,481.062500,52834.125000,2078.732,18.927
fpga,16,1,131072,1,6,hpu-native-psi64-v80,98304,14.646000,14.747000,64.357000,7.856000,1158.755000,3.112000,0.000000,58.723000,1181.358000,1184.470000,1260.383000,1263.505000,1325.632000,491.000000,74029.375000,2036.660,13.508
fpga,16,1,131072,1,7,hpu-native-psi64-v80,98304,14.559000,19.169000,65.963000,10.258000,904.888000,6.777000,0.000000,64.623000,934.315000,941.092000,1014.861000,1021.659000,1091.059000,641.125000,58818.250000,1559.758,17.002
fpga,16,1,131072,1,8,hpu-native-psi64-v80,98304,14.730000,17.407000,68.250000,8.918000,1656.214000,7.202000,0.001000,51.511000,1682.539000,1689.741000,1765.544000,1772.760000,1828.091000,557.375000,105608.812500,1794.124,9.469
fpga,16,1,131072,1,9,hpu-native-psi64-v80,98304,13.219000,22.580000,67.532000,11.741000,1010.898000,5.811000,0.000000,49.774000,1045.219000,1051.030000,1125.992000,1131.828000,1185.180000,733.812500,65689.375000,1362.746,15.223
fpga,16,1,131072,1,10,hpu-native-psi64-v80,98304,13.643000,22.130000,70.506000,12.258000,2543.404000,6.973000,0.000000,45.771000,2577.792000,2584.765000,2661.976000,2668.966000,2719.114000,766.125000,161547.812500,1305.270,6.190
fpga,16,1,131072,1,11,hpu-native-psi64-v80,98304,16.986000,16.094000,65.472000,9.653000,587.709000,8.179000,0.000000,49.308000,613.456000,621.635000,695.939000,704.174000,758.060000,603.312500,38852.187500,1657.516,25.739
fpga,16,1,131072,1,12,hpu-native-psi64-v80,98304,14.563000,14.161000,69.062000,8.023000,485.912000,7.000000,0.000000,51.690000,508.096000,515.096000,591.742000,598.764000,655.181000,501.437500,32193.500000,1994.266,31.062
fpga,16,1,131072,1,13,hpu-native-psi64-v80,98304,14.316000,13.076000,71.133000,8.222000,439.079000,6.722000,0.000000,49.132000,460.377000,467.099000,545.852000,552.598000,606.218000,513.875000,29193.687500,1945.999,34.254
fpga,16,1,131072,1,14,hpu-native-psi64-v80,98304,13.280000,15.074000,64.485000,7.665000,426.926000,5.749000,0.000000,44.738000,449.665000,455.414000,527.454000,533.221000,581.902000,479.062500,28463.375000,2087.410,35.133
fpga,16,1,131072,1,15,hpu-native-psi64-v80,98304,13.276000,15.728000,70.386000,7.869000,443.661000,6.639000,0.000000,50.237000,467.258000,473.897000,550.950000,557.609000,611.277000,491.812500,29618.562500,2033.295,33.763
fpga,16,1,131072,1,16,hpu-native-psi64-v80,98304,17.817000,16.320000,63.591000,8.476000,455.838000,4.811000,0.000000,50.441000,480.634000,485.445000,562.066000,566.895000,621.684000,529.750000,30340.312500,1887.683,32.959
fpga,16,1,131072,1,17,hpu-native-psi64-v80,98304,17.780000,15.325000,74.034000,7.875000,428.802000,6.477000,0.000000,47.643000,452.002000,458.479000,543.845000,550.337000,601.248000,492.187500,28654.937500,2031.746,34.898
fpga,16,1,131072,1,18,hpu-native-psi64-v80,98304,13.186000,13.448000,65.409000,8.277000,438.370000,5.517000,0.000000,55.854000,460.095000,465.612000,538.713000,544.243000,603.835000,517.312500,29100.750000,1933.068,34.363
fpga,16,1,131072,1,19,hpu-native-psi64-v80,98304,13.236000,16.523000,64.361000,8.453000,432.073000,6.792000,0.000000,50.728000,457.049000,463.841000,534.675000,541.485000,596.075000,528.312500,28990.062500,1892.819,34.495
fpga,16,1,131072,1,20,hpu-native-psi64-v80,98304,14.375000,16.446000,71.190000,11.406000,731.295000,6.928000,0.000000,47.503000,759.147000,766.075000,844.745000,851.688000,903.070000,712.875000,47879.687500,1402.770,20.886
fpga,16,1,131072,1,21,hpu-native-psi64-v80,98304,15.931000,18.109000,62.645000,10.190000,806.762000,6.710000,0.001000,47.350000,835.061000,841.771000,913.666000,920.397000,971.503000,636.875000,52610.687500,1570.167,19.008
fpga,16,1,131072,1,22,hpu-native-psi64-v80,98304,16.552000,19.086000,65.464000,11.773000,836.393000,6.268000,0.000000,44.768000,867.252000,873.520000,949.295000,955.583000,1004.329000,735.812500,54595.000000,1359.042,18.317
fpga,16,1,131072,1,23,hpu-native-psi64-v80,98304,14.810000,17.330000,70.434000,11.359000,727.966000,3.224000,0.000000,46.759000,756.655000,759.879000,841.929000,845.166000,895.655000,709.937500,47492.437500,1408.575,21.056
fpga,16,1,131072,1,24,hpu-native-psi64-v80,98304,14.294000,20.753000,60.639000,12.161000,715.142000,6.806000,0.001000,52.955000,748.056000,754.862000,823.013000,829.841000,886.020000,760.062500,47178.875000,1315.681,21.196
fpga,16,1,131072,1,25,hpu-native-psi64-v80,98304,15.795000,21.238000,61.780000,11.214000,668.711000,6.188000,0.000000,44.109000,701.163000,707.351000,778.774000,784.982000,832.820000,700.875000,44209.437500,1426.788,22.620
fpga,16,1,131072,1,26,hpu-native-psi64-v80,98304,14.679000,18.555000,73.244000,10.696000,591.826000,5.859000,0.000000,44.505000,621.077000,626.936000,709.031000,714.903000,764.124000,668.500000,39183.500000,1495.886,25.521
fpga,16,1,131072,1,27,hpu-native-psi64-v80,98304,13.627000,18.703000,68.190000,8.927000,459.160000,7.271000,0.000000,56.299000,486.790000,494.061000,568.638000,575.926000,635.863000,557.937500,30878.812500,1792.315,32.385
fpga,16,1,131072,1,28,hpu-native-psi64-v80,98304,17.323000,14.523000,80.373000,8.821000,548.828000,4.816000,0.000000,47.535000,572.172000,576.988000,669.891000,674.722000,725.813000,551.312500,36061.750000,1813.853,27.730
fpga,16,1,131072,1,29,hpu-native-psi64-v80,98304,14.175000,14.798000,63.152000,9.363000,586.099000,6.653000,0.000000,50.458000,610.260000,616.913000,687.608000,694.282000,749.131000,585.187500,38557.062500,1708.854,25.936
fpga,32,1,131072,1,0,hpu-native-psi64-v80,98304,16.248000,16.407000,64.004000,14.936000,3363.217000,9.655000,0.000000,52.751000,3394.560000,3404.215000,3474.846000,3484.544000,3541.832000,466.750000,106381.718750,2142.475,9.400
fpga,32,1,131072,1,1,hpu-native-psi64-v80,98304,16.577000,17.549000,61.467000,15.515000,1452.400000,11.580000,0.000000,55.051000,1485.464000,1497.044000,1563.534000,1575.137000,1634.715000,484.843750,46782.625000,2062.520,21.375
fpga,32,1,131072,1,2,hpu-native-psi64-v80,98304,13.653000,13.733000,72.659000,11.366000,6137.184000,9.333000,0.000000,57.709000,6162.283000,6171.616000,6248.627000,6257.976000,6320.168000,355.187500,192863.000000,2815.414,5.185
fpga,32,1,131072,1,3,hpu-native-psi64-v80,98304,15.673000,14.051000,84.938000,11.585000,918.110000,9.528000,0.000000,47.166000,943.746000,953.274000,1044.390000,1053.940000,1107.568000,362.031250,29789.812500,2762.192,33.569
fpga,32,1,131072,1,4,hpu-native-psi64-v80,98304,14.793000,15.935000,73.392000,12.568000,1154.976000,11.554000,0.000000,44.546000,1183.479000,1195.033000,1271.699000,1283.319000,1332.356000,392.750000,37344.781250,2546.149,26.778
fpga,32,1,131072,1,5,hpu-native-psi64-v80,98304,16.981000,14.634000,63.777000,11.382000,1163.057000,11.379000,0.000000,46.488000,1189.073000,1200.452000,1269.859000,1281.264000,1332.505000,355.687500,37514.125000,2811.457,26.657
fpga,32,1,131072,1,6,hpu-native-psi64-v80,98304,15.855000,15.526000,59.211000,12.378000,926.356000,10.089000,0.000000,51.004000,954.260000,964.349000,1029.348000,1039.549000,1095.501000,386.812500,30135.906250,2585.232,33.183
fpga,32,1,131072,1,7,hpu-native-psi64-v80,98304,13.753000,18.681000,70.185000,11.230000,916.006000,10.736000,0.000000,49.319000,945.917000,956.653000,1029.908000,1040.666000,1094.417000,350.937500,29895.406250,2849.510,33.450
fpga,32,1,131072,1,8,hpu-native-psi64-v80,98304,16.411000,13.548000,68.618000,11.402000,927.803000,10.093000,0.000000,52.657000,952.753000,962.846000,1037.817000,1047.930000,1105.681000,356.312500,30088.937500,2806.525,33.235
fpga,32,1,131072,1,9,hpu-native-psi64-v80,98304,15.851000,18.258000,67.972000,11.001000,957.208000,9.169000,0.001000,50.062000,986.467000,995.636000,1070.326000,1079.538000,1134.305000,343.781250,31113.625000,2908.826,32.140
fpga,32,1,131072,1,10,hpu-native-psi64-v80,98304,13.951000,17.733000,68.408000,12.159000,1369.644000,12.866000,0.000000,47.671000,1399.536000,1412.402000,1481.920000,1494.808000,1547.160000,379.968750,44137.562500,2631.795,22.656
fpga,32,1,131072,1,11,hpu-native-psi64-v80,98304,16.968000,20.956000,60.938000,13.740000,1343.488000,6.789000,0.000000,49.412000,1378.184000,1384.973000,1456.117000,1462.920000,1516.593000,429.375000,43280.406250,2328.967,23.105
fpga,32,1,131072,1,12,hpu-native-psi64-v80,98304,14.110000,16.071000,62.556000,12.965000,1180.989000,10.991000,0.001000,48.173000,1210.025000,1221.016000,1286.716000,1297.722000,1350.480000,405.156250,38156.750000,2468.184,26.208
fpga,32,1,131072,1,13,hpu-native-psi64-v80,98304,13.933000,16.025000,64.018000,12.496000,935.546000,9.393000,0.000000,51.003000,964.067000,973.460000,1042.040000,1051.453000,1112.492000,390.500000,30420.625000,2560.819,32.872
fpga,32,1,131072,1,14,hpu-native-psi64-v80,98304,14.672000,16.329000,68.080000,14.669000,1223.924000,9.684000,0.000000,44.685000,1254.922000,1264.606000,1337.706000,1347.413000,1397.829000,458.406250,39518.937500,2181.471,25.304
fpga,32,1,131072,1,15,hpu-native-psi64-v80,98304,13.657000,18.488000,64.140000,13.735000,5365.945000,9.406000,0.000000,48.728000,5398.168000,5407.574000,5475.988000,5485.418000,5538.702000,429.218750,168986.687500,2329.814,5.918
fpga,32,1,131072,1,16,hpu-native-psi64-v80,98304,14.994000,21.984000,67.368000,13.021000,1174.698000,12.511000,0.000000,60.453000,1209.703000,1222.214000,1292.097000,1304.629000,1369.632000,406.906250,38194.187500,2457.569,26.182
fpga,32,1,131072,1,17,hpu-native-psi64-v80,98304,16.624000,15.341000,67.530000,12.650000,1111.421000,10.979000,0.000000,56.733000,1139.412000,1150.391000,1223.601000,1234.604000,1295.908000,395.312500,35949.718750,2529.644,27.817
fpga,32,1,131072,1,18,hpu-native-psi64-v80,98304,13.593000,18.119000,64.789000,12.329000,1122.790000,8.400000,0.000000,45.621000,1153.238000,1161.638000,1231.647000,1240.059000,1291.200000,385.281250,36301.187500,2595.507,27.547
fpga,32,1,131072,1,19,hpu-native-psi64-v80,98304,15.088000,16.391000,59.014000,13.232000,1206.702000,10.613000,0.000000,61.168000,1236.325000,1246.938000,1310.450000,1321.084000,1386.664000,413.500000,38966.812500,2418.380,25.663
fpga,32,1,131072,1,20,hpu-native-psi64-v80,98304,15.210000,19.474000,66.907000,12.090000,1434.878000,8.972000,0.000000,46.975000,1466.442000,1475.414000,1548.593000,1557.585000,1609.011000,377.812500,46106.687500,2646.816,21.689
fpga,32,1,131072,1,21,hpu-native-psi64-v80,98304,18.083000,20.486000,64.623000,13.791000,1662.153000,9.354000,0.000000,43.601000,1696.430000,1705.784000,1779.181000,1788.553000,1836.987000,430.968750,53305.750000,2320.354,18.760
fpga,32,1,131072,1,22,hpu-native-psi64-v80,98304,16.681000,18.410000,71.775000,14.653000,1289.476000,8.750000,0.000000,47.369000,1322.539000,1331.289000,1411.032000,1419.798000,1471.538000,457.906250,41602.781250,2183.853,24.037
fpga,32,1,131072,1,23,hpu-native-psi64-v80,98304,22.093000,17.943000,65.723000,14.043000,1280.963000,9.195000,0.000000,62.268000,1312.949000,1322.144000,1400.804000,1410.020000,1478.363000,438.843750,41317.000000,2278.715,24.203
fpga,32,1,131072,1,24,hpu-native-psi64-v80,98304,17.345000,15.364000,67.946000,12.489000,1169.863000,12.500000,0.000000,45.006000,1197.716000,1210.216000,1283.044000,1295.557000,1345.123000,390.281250,37819.250000,2562.255,26.442
fpga,32,1,131072,1,25,hpu-native-psi64-v80,98304,14.899000,15.169000,66.567000,11.924000,1090.974000,12.223000,0.000000,47.012000,1118.067000,1130.290000,1199.559000,1211.841000,1267.527000,372.625000,35321.562500,2683.663,28.311
fpga,32,1,131072,1,26,hpu-native-psi64-v80,98304,13.533000,17.623000,63.073000,12.565000,1129.382000,11.472000,0.000000,44.866000,1159.570000,1171.042000,1236.199000,1247.691000,1297.024000,392.656250,36595.062500,2546.757,27.326
fpga,32,1,131072,1,27,hpu-native-psi64-v80,98304,16.137000,15.759000,56.879000,13.719000,1195.961000,11.201000,0.000000,47.959000,1225.439000,1236.640000,1298.478000,1309.693000,1361.663000,428.718750,38645.000000,2332.532,25.877
fpga,32,1,131072,1,28,hpu-native-psi64-v80,98304,13.625000,13.527000,69.096000,11.496000,968.093000,9.741000,0.000000,41.450000,993.116000,1002.857000,1075.870000,1085.633000,1131.153000,359.250000,31339.281250,2783.577,31.909
fpga,32,1,131072,1,29,hpu-native-psi64-v80,98304,13.668000,13.444000,63.216000,10.716000,2410.567000,11.342000,0.000000,59.495000,2434.727000,2446.069000,2511.653000,2523.015000,2587.134000,334.875000,76439.656250,2986.189,13.082
fpga,128,1,131072,1,0,hpu-native-psi64-v80,98304,15.875000,16.467000,64.023000,29.920000,4079.651000,28.556000,0.000000,55.491000,4126.038000,4154.594000,4205.972000,4234.548000,4299.825000,233.750000,32457.765625,4278.075,30.809
fpga,128,1,131072,1,1,hpu-native-psi64-v80,98304,19.061000,14.125000,57.134000,29.576000,3936.378000,28.276000,0.000000,44.216000,3980.079000,4008.355000,4056.304000,4084.599000,4138.819000,231.062500,31315.273438,4327.833,31.933
fpga,128,1,131072,1,2,hpu-native-psi64-v80,98304,18.797000,15.630000,70.061000,27.924000,5938.808000,34.318000,0.000000,52.314000,5982.362000,6016.680000,6071.249000,6105.601000,6167.928000,218.156250,47005.312500,4583.871,21.274
fpga,128,1,131072,1,3,hpu-native-psi64-v80,98304,18.646000,15.586000,63.477000,27.996000,5288.744000,31.205000,0.000000,55.456000,5332.326000,5363.531000,5414.477000,5445.742000,5511.329000,218.718750,41902.585938,4572.082,23.865
fpga,128,1,131072,1,4,hpu-native-psi64-v80,98304,19.995000,14.124000,63.462000,28.223000,3339.305000,28.569000,0.000000,51.485000,3381.652000,3410.221000,3465.134000,3493.723000,3554.791000,220.492188,26642.351562,4535.308,37.534
fpga,128,1,131072,1,5,hpu-native-psi64-v80,98304,18.475000,14.228000,70.991000,28.737000,3345.155000,25.018000,0.000000,49.780000,3388.120000,3413.138000,3477.621000,3502.653000,3562.848000,224.507812,26665.140625,4454.188,37.502
fpga,128,1,131072,1,6,hpu-native-psi64-v80,98304,20.399000,14.485000,65.632000,28.804000,3342.266000,29.961000,0.000000,51.258000,3385.555000,3415.516000,3471.619000,3501.635000,3563.254000,225.031250,26683.718750,4443.827,37.476
fpga,128,1,131072,1,7,hpu-native-psi64-v80,98304,18.244000,18.399000,61.830000,28.653000,3748.096000,28.876000,0.000000,56.965000,3795.148000,3824.024000,3875.247000,3904.145000,3971.544000,223.851562,29875.187500,4467.246,33.473
fpga,128,1,131072,1,8,hpu-native-psi64-v80,98304,18.498000,16.481000,60.478000,28.372000,9846.110000,31.577000,0.000000,48.203000,9890.963000,9922.540000,9969.967000,10001.561000,10060.295000,221.656250,77519.843750,4511.490,12.900
fpga,128,1,131072,1,9,hpu-native-psi64-v80,98304,23.832000,14.922000,64.347000,28.701000,4110.118000,28.213000,0.000000,48.951000,4153.741000,4181.954000,4241.944000,4270.180000,4328.803000,224.226562,32671.515625,4459.775,30.608
fpga,128,1,131072,1,10,hpu-native-psi64-v80,98304,15.801000,17.607000,60.559000,29.344000,3529.998000,31.536000,0.000000,46.331000,3576.949000,3608.485000,3653.333000,3684.909000,3741.123000,229.250000,28191.289062,4362.050,35.472
fpga,128,1,131072,1,11,hpu-native-psi64-v80,98304,19.878000,16.068000,69.563000,29.270000,3735.210000,29.719000,0.000000,46.336000,3780.548000,3810.267000,3870.022000,3899.797000,3956.008000,228.671875,29767.710938,4373.078,33.593
fpga,128,1,131072,1,12,hpu-native-psi64-v80,98304,16.288000,15.989000,68.237000,29.678000,5211.023000,27.071000,0.000000,50.777000,5256.690000,5283.761000,5341.247000,5368.336000,5432.005000,231.859375,41279.382812,4312.959,24.225
fpga,128,1,131072,1,13,hpu-native-psi64-v80,98304,16.014000,17.350000,71.081000,31.581000,3795.800000,29.685000,0.000000,52.983000,3844.731000,3874.416000,3931.867000,3961.571000,4025.074000,246.726562,30268.875000,4053.070,33.037
fpga,128,1,131072,1,14,hpu-native-psi64-v80,98304,15.769000,16.099000,72.279000,29.668000,3458.800000,28.990000,0.000000,50.444000,3504.567000,3533.557000,3592.642000,3621.656000,3682.934000,231.781250,27605.914062,4314.413,36.224
fpga,128,1,131072,1,15,hpu-native-psi64-v80,98304,18.582000,15.523000,65.824000,30.123000,3164.503000,31.170000,0.000000,51.160000,3210.149000,3241.319000,3294.580000,3325.765000,3387.333000,235.335938,25322.804688,4249.245,39.490
fpga,128,1,131072,1,16,hpu-native-psi64-v80,98304,19.206000,17.493000,66.091000,28.579000,4488.399000,29.889000,0.000000,52.785000,4534.471000,4564.360000,4619.794000,4649.709000,4712.687000,223.273438,35659.062500,4478.813,28.043
fpga,128,1,131072,1,17,hpu-native-psi64-v80,98304,18.623000,21.835000,67.568000,29.283000,8807.041000,27.202000,0.000000,46.836000,8858.159000,8885.361000,8944.384000,8971.607000,9028.656000,228.773438,69416.882812,4371.137,14.406
fpga,128,1,131072,1,18,hpu-native-psi64-v80,98304,18.668000,21.420000,67.996000,32.007000,10105.960000,27.913000,0.000000,51.294000,10159.387000,10187.300000,10246.084000,10274.017000,10335.502000,250.054687,79588.281250,3999.125,12.565
fpga,128,1,131072,1,19,hpu-native-psi64-v80,98304,19.193000,16.720000,68.525000,28.279000,4055.426000,33.161000,0.000000,58.015000,4100.425000,4133.586000,4188.174000,4221.387000,4295.017000,220.929688,32293.640625,4526.327,30.966
fpga,128,1,131072,1,20,hpu-native-psi64-v80,98304,18.522000,17.827000,62.932000,31.058000,3618.932000,30.242000,0.001000,59.150000,3667.817000,3698.059000,3749.303000,3779.566000,3848.757000,242.640625,28891.085938,4121.321,34.613
fpga,128,1,131072,1,21,hpu-native-psi64-v80,98304,18.530000,15.727000,66.438000,29.084000,3484.037000,30.476000,0.000000,51.338000,3528.848000,3559.324000,3613.845000,3644.344000,3707.947000,227.218750,27807.218750,4401.045,35.962
fpga,128,1,131072,1,22,hpu-native-psi64-v80,98304,18.820000,18.351000,63.249000,29.932000,4994.190000,30.407000,0.000000,47.081000,5042.473000,5072.880000,5124.576000,5155.009000,5211.753000,233.843750,39631.875000,4276.360,25.232
fpga,128,1,131072,1,23,hpu-native-psi64-v80,98304,16.296000,14.954000,57.136000,28.060000,3321.664000,25.404000,0.000000,52.320000,3364.678000,3390.082000,3438.135000,3463.556000,3526.766000,219.218750,26485.015625,4561.654,37.757
fpga,128,1,131072,1,24,hpu-native-psi64-v80,98304,17.539000,14.687000,58.178000,28.342000,3658.455000,30.297000,0.000000,51.115000,3701.484000,3731.781000,3777.223000,3807.543000,3867.537000,221.421875,29154.539062,4516.266,34.300
fpga,128,1,131072,1,25,hpu-native-psi64-v80,98304,18.767000,14.223000,66.139000,28.874000,3460.833000,29.237000,0.000000,52.224000,3503.930000,3533.167000,3588.866000,3618.124000,3680.797000,225.578125,27602.867188,4433.054,36.228
fpga,128,1,131072,1,26,hpu-native-psi64-v80,98304,19.032000,14.251000,68.366000,31.414000,7631.738000,30.228000,0.000000,56.295000,7677.403000,7707.631000,7764.833000,7795.079000,7871.062000,245.421875,60215.867188,4074.616,16.607
fpga,128,1,131072,1,27,hpu-native-psi64-v80,98304,15.988000,14.085000,61.121000,29.517000,6568.544000,30.914000,0.000000,54.017000,6612.146000,6643.060000,6689.295000,6720.233000,6787.086000,230.601562,51898.906250,4336.484,19.268
fpga,128,1,131072,1,28,hpu-native-psi64-v80,98304,20.641000,17.883000,63.249000,28.798000,4040.788000,26.221000,0.000000,49.232000,4087.469000,4113.690000,4171.384000,4197.621000,4257.823000,224.984375,32138.203125,4444.753,31.116
fpga,128,1,131072,1,29,hpu-native-psi64-v80,98304,18.955000,16.076000,71.191000,27.548000,4746.703000,37.813000,0.000000,51.774000,4790.327000,4828.140000,4880.510000,4918.370000,4987.760000,215.218750,37719.843750,4646.435,26.511
