backend,mode,batch_size,iteration,elapsed_ms,per_u8_us,plaintext_bytes_per_s,logical_ciphertext_bytes_per_s
cpu,serial,1,0,0.459913000,459.913000,2174.324,142566094.022
cpu,serial,1,1,0.459877000,459.877000,2174.494,142577254.353
cpu,serial,1,2,0.464535000,464.535000,2152.690,141147599.212
cpu,serial,1,3,0.459871000,459.871000,2174.523,142579114.578
cpu,serial,1,4,0.459833000,459.833000,2174.703,142590897.130
cpu,serial,1,5,0.459905000,459.905000,2174.362,142568573.945
cpu,serial,1,6,0.459812000,459.812000,2174.802,142597409.376
cpu,serial,1,7,0.459801000,459.801000,2174.854,142600820.790
cpu,serial,1,8,0.459819000,459.819000,2174.769,142595238.561
cpu,serial,1,9,0.459819000,459.819000,2174.769,142595238.561
cpu,serial,1,10,0.462904000,462.904000,2160.275,141644919.897
cpu,serial,1,11,0.459816000,459.816000,2174.783,142596168.902
cpu,serial,1,12,0.459773000,459.773000,2174.986,142609505.125
cpu,serial,1,13,0.459804000,459.804000,2174.840,142599890.388
cpu,serial,1,14,0.459790000,459.790000,2174.906,142604232.367
cpu,serial,1,15,0.459789000,459.789000,2174.911,142604542.518
cpu,serial,1,16,0.459870000,459.870000,2174.528,142579424.620
cpu,serial,1,17,0.459799000,459.799000,2174.863,142601441.064
cpu,serial,1,18,0.459777000,459.777000,2174.967,142608264.441
cpu,serial,1,19,0.472061000,472.061000,2118.370,138897303.526
cpu,serial,1,20,0.463891000,463.891000,2155.679,141343548.377
cpu,serial,1,21,0.459687000,459.687000,2175.393,142636185.056
cpu,serial,1,22,0.459657000,459.657000,2175.535,142645494.358
cpu,serial,1,23,0.459651000,459.651000,2175.564,142647356.364
cpu,serial,1,24,0.459648000,459.648000,2175.578,142648287.385
cpu,serial,1,25,0.459658000,459.658000,2175.531,142645184.028
cpu,serial,1,26,0.459714000,459.714000,2175.265,142627807.724
cpu,serial,1,27,0.459645000,459.645000,2175.592,142649218.419
cpu,serial,1,28,0.464044000,464.044000,2154.968,141296945.979
cpu,serial,1,29,0.459631000,459.631000,2175.658,142653563.402
cpu,serial,2,0,0.918933000,459.466500,2176.437,142704636.791
cpu,serial,2,1,0.918948000,459.474000,2176.402,142702307.421
cpu,serial,2,2,0.928634000,464.317000,2153.701,141213868.973
cpu,serial,2,3,0.918947000,459.473500,2176.404,142702462.710
cpu,serial,2,4,0.918988000,459.494000,2176.307,142696096.141
cpu,serial,2,5,0.918929000,459.464500,2176.447,142705257.969
cpu,serial,2,6,0.918929000,459.464500,2176.447,142705257.969
cpu,serial,2,7,0.921728000,460.864000,2169.838,142271906.680
cpu,serial,2,8,0.918952000,459.476000,2176.392,142701686.269
cpu,serial,2,9,0.918985000,459.492500,2176.314,142696561.968
cpu,serial,2,10,0.918921000,459.460500,2176.466,142706500.341
cpu,serial,2,11,0.921474000,460.737000,2170.436,142311123.266
cpu,serial,2,12,0.918927000,459.463500,2176.451,142705568.560
cpu,serial,2,13,0.918910000,459.455000,2176.492,142708208.638
cpu,serial,2,14,0.918952000,459.476000,2176.392,142701686.269
cpu,serial,2,15,0.924775000,462.387500,2162.688,141803141.305
cpu,serial,2,16,0.918920000,459.460000,2176.468,142706655.639
cpu,serial,2,17,0.918909000,459.454500,2176.494,142708363.940
cpu,serial,2,18,0.918941000,459.470500,2176.418,142703394.451
cpu,serial,2,19,0.918924000,459.462000,2176.459,142706034.449
cpu,serial,2,20,0.921146000,460.573000,2171.208,142361797.153
cpu,serial,2,21,0.918911000,459.455500,2176.489,142708053.337
cpu,serial,2,22,0.918886000,459.443000,2176.549,142711935.975
cpu,serial,2,23,0.918893000,459.446500,2176.532,142710848.815
cpu,serial,2,24,0.938064000,469.032000,2132.051,139794299.749
cpu,serial,2,25,0.918987000,459.493500,2176.309,142696251.416
cpu,serial,2,26,0.918931000,459.465500,2176.442,142704947.379
cpu,serial,2,27,0.918949000,459.474500,2176.399,142702152.132
cpu,serial,2,28,0.933899000,466.949500,2141.559,140417753.954
cpu,serial,2,29,0.919055000,459.527500,2176.148,142685693.457
cpu,serial,4,0,1.876388000,469.097000,2131.755,139774929.279
cpu,serial,4,1,1.870391000,467.597750,2138.590,140223087.044
cpu,serial,4,2,1.874058000,468.514500,2134.406,139948710.232
cpu,serial,4,3,1.869413000,467.353250,2139.709,140296445.997
cpu,serial,4,4,1.869696000,467.424000,2139.385,140275210.516
cpu,serial,4,5,1.871823000,467.955750,2136.954,140115812.232
cpu,serial,4,6,1.870269000,467.567250,2138.730,140232233.973
cpu,serial,4,7,1.878140000,469.535000,2129.767,139644541.940
cpu,serial,4,8,1.869597000,467.399250,2139.499,140282638.451
cpu,serial,4,9,1.874501000,468.625250,2133.901,139915636.215
cpu,serial,4,10,1.869755000,467.438750,2139.318,140270784.140
cpu,serial,4,11,1.872787000,468.196750,2135.854,140043688.898
cpu,serial,4,12,1.869514000,467.378500,2139.593,140288866.518
cpu,serial,4,13,1.876753000,469.188250,2131.341,139747745.175
cpu,serial,4,14,1.870045000,467.511250,2138.986,140249031.440
cpu,serial,4,15,1.873871000,468.467750,2134.619,139962676.193
cpu,serial,4,16,1.870015000,467.503750,2139.020,140251281.407
cpu,serial,4,17,1.872604000,468.151000,2136.063,140057374.650
cpu,serial,4,18,1.869406000,467.351500,2139.717,140296971.337
cpu,serial,4,19,1.877306000,469.326500,2130.713,139706579.535
cpu,serial,4,20,1.869515000,467.378750,2139.592,140288791.478
cpu,serial,4,21,1.869533000,467.383250,2139.572,140287440.767
cpu,serial,4,22,1.871911000,467.977750,2136.854,140109225.278
cpu,serial,4,23,1.869453000,467.363250,2139.663,140293444.125
cpu,serial,4,24,1.874441000,468.610250,2133.970,139920114.850
cpu,serial,4,25,1.869313000,467.328250,2139.824,140303951.238
cpu,serial,4,26,1.876279000,469.069750,2131.879,139783049.323
cpu,serial,4,27,1.870014000,467.503500,2139.021,140251356.407
cpu,serial,4,28,1.872235000,468.058750,2136.484,140084978.649
cpu,serial,4,29,1.869275000,467.318750,2139.867,140306803.440
cpu,serial,8,0,3.793544000,474.193000,2108.846,138272812.969
cpu,serial,8,1,3.778895000,472.361875,2117.021,138808831.682
cpu,serial,8,2,3.786930000,473.366250,2112.529,138514311.065
cpu,serial,8,3,3.779204000,472.400500,2116.848,138797482.221
cpu,serial,8,4,3.779514000,472.439250,2116.674,138786097.895
cpu,serial,8,5,3.776719000,472.089875,2118.241,138888807.984
cpu,serial,8,6,3.774262000,471.782750,2119.620,138979222.958
cpu,serial,8,7,3.782862000,472.857750,2114.801,138663266.067
cpu,serial,8,8,3.776236000,472.029500,2118.512,138906572.577
cpu,serial,8,9,3.771830000,471.478750,2120.986,139068833.961
cpu,serial,8,10,3.774473000,471.809125,2119.501,138971453.763
cpu,serial,8,11,3.775677000,471.959625,2118.825,138927138.100
cpu,serial,8,12,3.774549000,471.818625,2119.459,138968655.593
cpu,serial,8,13,3.780405000,472.550625,2116.175,138753387.534
cpu,serial,8,14,3.778099000,472.262375,2117.467,138838077.033
cpu,serial,8,15,3.775349000,471.918625,2119.009,138939208.004
cpu,serial,8,16,3.778903000,472.362875,2117.016,138808537.822
cpu,serial,8,17,3.775994000,471.999250,2118.647,138915474.972
cpu,serial,8,18,3.791859000,473.982375,2109.783,138334257.682
cpu,serial,8,19,3.778873000,472.359125,2117.033,138809639.805
cpu,serial,8,20,3.776769000,472.096125,2118.213,138886969.259
cpu,serial,8,21,3.776928000,472.116000,2118.124,138881122.436
cpu,serial,8,22,3.783223000,472.902875,2114.599,138650034.640
cpu,serial,8,23,3.778261000,472.282625,2117.376,138832124.091
cpu,serial,8,24,3.776710000,472.088750,2118.246,138889138.960
cpu,serial,8,25,3.780349000,472.543625,2116.207,138755442.950
cpu,serial,8,26,3.778231000,472.278875,2117.393,138833226.449
cpu,serial,8,27,3.776407000,472.050875,2118.416,138900282.729
cpu,serial,8,28,3.781171000,472.646375,2115.747,138725278.492
cpu,serial,8,29,3.774743000,471.842875,2119.350,138961513.406
cpu,serial,16,0,7.508367000,469.272938,2130.956,139722525.550
cpu,serial,16,1,7.615646000,475.977875,2100.938,137754302.130
cpu,serial,16,2,7.512773000,469.548313,2129.706,139640582.778
cpu,serial,16,3,7.620520000,476.282500,2099.594,137666196.008
cpu,serial,16,4,7.498657000,468.666062,2133.715,139903452.045
cpu,serial,16,5,7.622288000,476.393000,2099.107,137634264.147
cpu,serial,16,6,7.506146000,469.134125,2131.587,139763868.169
cpu,serial,16,7,7.606354000,475.397125,2103.505,137922584.197
cpu,serial,16,8,7.504145000,469.009063,2132.155,139801136.572
cpu,serial,16,9,7.607783000,475.486437,2103.109,137896677.652
cpu,serial,16,10,7.499114000,468.694625,2133.585,139894926.254
cpu,serial,16,11,7.609064000,475.566500,2102.755,137873462.492
cpu,serial,16,12,7.500621000,468.788813,2133.157,139866819.027
cpu,serial,16,13,7.605379000,475.336187,2103.774,137940265.699
cpu,serial,16,14,7.496484000,468.530250,2134.334,139944005.750
cpu,serial,16,15,7.606118000,475.382375,2103.570,137926863.612
cpu,serial,16,16,7.494185000,468.386563,2134.989,139986936.538
cpu,serial,16,17,7.609969000,475.623063,2102.505,137857066.172
cpu,serial,16,18,7.501676000,468.854750,2132.857,139847148.824
cpu,serial,16,19,7.599415000,474.963437,2105.425,138048520.840
cpu,serial,16,20,7.500958000,468.809875,2133.061,139860535.148
cpu,serial,16,21,7.608942000,475.558875,2102.789,137875673.122
cpu,serial,16,22,7.499109000,468.694313,2133.587,139895019.528
cpu,serial,16,23,7.611612000,475.725750,2102.051,137827309.117
cpu,serial,16,24,7.493531000,468.345687,2135.175,139999153.937
cpu,serial,16,25,7.612180000,475.761250,2101.895,137817024.821
cpu,serial,16,26,7.521015000,470.063438,2127.372,139487555.868
cpu,serial,16,27,7.617532000,476.095750,2100.418,137720195.990
cpu,serial,16,28,7.497135000,468.570938,2134.149,139931853.968
cpu,serial,16,29,7.608907000,475.556687,2102.799,137876307.333
cpu,serial,32,0,15.018657000,469.333031,2130.683,139704635.375
cpu,serial,32,1,15.013097000,469.159281,2131.472,139756374.051
cpu,serial,32,2,15.011498000,469.109312,2131.699,139771260.670
cpu,serial,32,3,15.005945000,468.935781,2132.488,139822983.491
cpu,serial,32,4,15.009444000,469.045125,2131.991,139790387.972
cpu,serial,32,5,15.004264000,468.883250,2132.727,139838648.534
cpu,serial,32,6,15.004269000,468.883406,2132.726,139838601.934
cpu,serial,32,7,15.009008000,469.031500,2132.053,139794448.774
cpu,serial,32,8,15.009143000,469.035719,2132.034,139793191.390
cpu,serial,32,9,15.017897000,469.309281,2130.791,139711705.307
cpu,serial,32,10,15.011003000,469.093844,2131.770,139775869.740
cpu,serial,32,11,15.007651000,468.989094,2132.246,139807089.064
cpu,serial,32,12,15.024965000,469.530156,2129.789,139645982.536
cpu,serial,32,13,15.026350000,469.573438,2129.592,139633111.168
cpu,serial,32,14,15.020570000,469.392813,2130.412,139686842.776
cpu,serial,32,15,15.017406000,469.293938,2130.861,139716273.237
cpu,serial,32,16,15.016809000,469.275281,2130.945,139721827.720
cpu,serial,32,17,15.007723000,468.991344,2132.236,139806418.335
cpu,serial,32,18,15.012707000,469.147094,2131.528,139760004.641
cpu,serial,32,19,15.028217000,469.631781,2129.328,139615764.132
cpu,serial,32,20,15.005479000,468.921219,2132.554,139827325.739
cpu,serial,32,21,15.015065000,469.220781,2131.193,139738056.412
cpu,serial,32,22,15.016523000,469.266344,2130.986,139724488.818
cpu,serial,32,23,15.015414000,469.231688,2131.143,139734808.511
cpu,serial,32,24,15.012904000,469.153250,2131.500,139758170.704
cpu,serial,32,25,15.009280000,469.040000,2132.014,139791915.402
cpu,serial,32,26,15.001617000,468.800531,2133.103,139863322.734
cpu,serial,32,27,15.013936000,469.185500,2131.353,139748564.267
cpu,serial,32,28,15.011810000,469.119063,2131.655,139768355.715
cpu,serial,32,29,15.006234000,468.944813,2132.447,139820290.687
cpu,serial,64,0,30.401037000,475.016203,2105.191,138033186.171
cpu,serial,64,1,30.438559000,475.602484,2102.596,137863030.901
cpu,serial,64,2,30.488130000,476.377031,2099.178,137638877.819
cpu,serial,64,3,30.485653000,476.338328,2099.348,137650061.162
cpu,serial,64,4,30.408947000,475.139797,2104.644,137997280.866
cpu,serial,64,5,30.432206000,475.503219,2103.035,137891811.064
cpu,serial,64,6,30.383963000,474.749422,2106.374,138110752.702
cpu,serial,64,7,30.406461000,475.100953,2104.816,138008563.377
cpu,serial,64,8,30.409198000,475.143719,2104.626,137996141.825
cpu,serial,64,9,30.402123000,475.033172,2105.116,138028255.461
cpu,serial,64,10,30.363165000,474.424453,2107.817,138205355.074
cpu,serial,64,11,30.350305000,474.223516,2108.710,138263915.305
cpu,serial,64,12,30.355248000,474.300750,2108.367,138241400.630
cpu,serial,64,13,30.337705000,474.026641,2109.586,138321339.732
cpu,serial,64,14,30.339528000,474.055125,2109.459,138313028.469
cpu,serial,64,15,30.383445000,474.741328,2106.410,138113107.319
cpu,serial,64,16,30.402005000,475.031328,2105.124,138028791.193
cpu,serial,64,17,30.379824000,474.684750,2106.661,138129569.151
cpu,serial,64,18,30.389520000,474.836250,2105.989,138085497.895
cpu,serial,64,19,30.390347000,474.849172,2105.932,138081740.232
cpu,serial,64,20,30.424664000,475.385375,2103.557,137925993.201
cpu,serial,64,21,30.459610000,475.931406,2101.143,137767752.115
cpu,serial,64,22,30.428550000,475.446094,2103.288,137908378.809
cpu,serial,64,23,30.420402000,475.318781,2103.851,137945317.093
cpu,serial,64,24,30.380537000,474.695891,2106.612,138126327.392
cpu,serial,64,25,30.337417000,474.022141,2109.606,138322652.848
cpu,serial,64,26,30.470252000,476.097687,2100.409,137719635.532
cpu,serial,64,27,30.342459000,474.100922,2109.256,138299667.802
cpu,serial,64,28,30.349568000,474.212000,2108.761,138267272.865
cpu,serial,64,29,30.357449000,474.335141,2108.214,138231377.742
cpu,serial,128,0,61.840727000,483.130680,2069.833,135714834.012
cpu,serial,128,1,61.567075000,480.992773,2079.033,136318056.364
cpu,serial,128,2,61.395731000,479.654148,2084.836,136698494.558
cpu,serial,128,3,61.481403000,480.323461,2081.930,136508010.398
cpu,serial,128,4,61.482097000,480.328883,2081.907,136506469.517
cpu,serial,128,5,61.357949000,479.358977,2086.119,136782668.534
cpu,serial,128,6,61.383898000,479.561703,2085.237,136724845.985
cpu,serial,128,7,61.410166000,479.766922,2084.345,136666362.374
cpu,serial,128,8,61.469660000,480.231719,2082.328,136534088.524
cpu,serial,128,9,61.508289000,480.533508,2081.020,136448341.133
cpu,serial,128,10,61.379954000,479.530891,2085.371,136733631.309
cpu,serial,128,11,61.431921000,479.936883,2083.607,136617964.462
cpu,serial,128,12,61.351078000,479.305297,2086.353,136797987.478
cpu,serial,128,13,61.273866000,478.702078,2088.982,136970368.411
cpu,serial,128,14,61.133180000,477.602969,2093.789,137285578.797
cpu,serial,128,15,61.062771000,477.052898,2096.204,137443877.219
cpu,serial,128,16,61.057617000,477.012633,2096.381,137455479.142
cpu,serial,128,17,61.060166000,477.032547,2096.293,137449740.965
cpu,serial,128,18,61.365198000,479.415609,2085.873,136766510.555
cpu,serial,128,19,61.890811000,483.521961,2068.158,135605009.280
cpu,serial,128,20,62.060201000,484.845320,2062.513,135234882.659
cpu,serial,128,21,62.025710000,484.575859,2063.660,135310083.512
cpu,serial,128,22,62.005803000,484.420336,2064.323,135353524.895
cpu,serial,128,23,61.991049000,484.305070,2064.814,135385739.319
cpu,serial,128,24,61.900665000,483.598945,2067.829,135583422.246
cpu,serial,128,25,62.084704000,485.036750,2061.699,135181509.442
cpu,serial,128,26,61.971314000,484.150891,2065.472,135428853.421
cpu,serial,128,27,61.970014000,484.140734,2065.515,135431694.432
cpu,serial,128,28,61.884720000,483.474375,2068.362,135618356.195
cpu,serial,128,29,61.809141000,482.883914,2070.891,135784187.650
